혹시 없냐,없니
너 혹시 없냐,없니
혹시 없냐고,없니
그런 게 없니,없니
그러면 없냐,없니
것 도 없어,없니
게 없었나,없니
하는 없었지,없니
없는가,없니
는게 없는가,없니
없냐고 내가,없니
없었냐고 네가,없니
저 거 없냐,없니
네 없었니,없니
너도 그런 게 없었니,없니
것도 없니,없니
너 없냐고,없니
없니,없니
없냐,없니
아까 그 거 없나,없니
없었는가,없니
에이 그런 건 없을까,없니
그런 게 없었을까,없니
그럼 그런 것도 없니,없니
없었나,없니
그 것도 없었나,없니
없었나,없니
도 없었지,없니
없었나,없니
했던 거 없나,없니
없나,없니
과연 없는가,없니
없을까,없니
없었을까,없니
정말 없었을지,없니
게 없었던지,없니
없었을지 나는,없니
그런 게 없나,없니
없었던가,없니
그런 게 없을까,없니
아니 없냐고,없니
아까 없던가,없니
너 없냐,없니
그런 없냐,없니
나는 겠는데 것 없었나,없니
그 것도 없었던가,없니
나 혹시 없냐,없니
하던게 없었나,없니
그런 것도 없었나,없니
방금 그런 없나,없니
아하 없나,없니
아 없냐,없니