내 때렸어,때림
친구 때렸어,때림
그 때렸어,때림
어제 때렸어,때림
아까 때렸어,때림
때리다,때림
때릴 거다,때림
때렸을 거야,때림
때릴 거라고,때림
때릴거라니까,때림
때릴건데,때림
진짜 한대 쳐야겠다,때림
쳐버리고 싶어,때림
진짜 칠거야,때림
진짜 쳐버릴거야,때림
때려야 해,때림
쳐야 해,때림
때려야 한다,때림
쳐야 한다,때림
진짜 쳐버릴 수 밖에,때림
진짜 때릴 수 밖에,때림
때려버려야 해,때림
때릴 때야,때림
쳐버릴 때네,때림
내 때렸어요,때림
친구 때렸어요,때림
그 때렸어요,때림
어제 때렸어요,때림
아까 때렸어요,때림
때려요,때림
때릴 거에요,때림
때렸을 거에요,때림
때릴 거라고요,때림
때릴거라니까요,때림
때릴건데요,때림
진짜 한대 쳐야겠요,때림
쳐버리고 싶어요,때림
진짜 칠거에요,때림
진짜 쳐버릴거에요,때림
때려야 해요,때림
쳐야 해요,때림
때려야 합니다,때림
쳐야 합니다,때림
진짜 쳐버릴 수 밖에요,때림
진짜 때릴 수 밖에요,때림
때려버려야 해요,때림
때릴 때에요,때림
쳐버릴 때네요,때림
때렸어,때림
때렸어요,때림
때리네요,때림
때렸네요,때림