냉장고,전자제품
밥솥,전자제품
전자밥솥,전자제품
전자레인지,전자제품
컴퓨터,전자제품
에어프라이어,전자제품
인덕션,전자제품
induction,전자제품
가스레인지,전자제품
공기청정기,전자제품
차량용 공기청정기,전자제품
엘지 공기청정기,전자제품
미니 공기청정기,전자제품
샤오미 공기청정기,전자제품
위닉스 공기청정기,전자제품
삼성공기청정기,전자제품
다이슨 공기청정기,전자제품
공기청정기 수리,전자제품
공기청정기 고장,전자제품
공기청정기 부품,전자제품
공기청정기 렌탈,전자제품
공기청정기 필터,전자제품
미세먼지 공기청정기,전자제품
코웨이 공기청정기,전자제품
대용량 공기청정기,전자제품
대형 공기청정기,전자제품
가정용 공기청정기,전자제품
기업용 공기청정기,전자제품
사무실 공기청정기,전자제품
건식 공기청정기,전자제품
습식 공기청정기,전자제품
필터식 공기청정기,전자제품
공기청정기 막힘,전자제품
휴대용 공기청정기,전자제품
공기청정기 여과망,전자제품
물필터식 공기청정기,전자제품
공기정화장치,전자제품
공기청정기 기능,전자제품
냉장고,전자제품
냉동실,전자제품
냉장실,전자제품
김치 냉장고,전자제품
냉장고 청소,전자제품
냉장고 온도,전자제품
냉장고 수리,전자제품
냉장고 관리,전자제품
미니 냉장고,전자제품
냉장고에 성에,전자제품
중고 냉장고,전자제품
신형 냉장고,전자제품
소형 냉장고,전자제품
삼성 냉장고,전자제품
엘지 냉장고,전자제품
양문형 냉장고,전자제품
대형 냉장고,전자제품
가정용 냉장고,전자제품
기업용 냉장고,전자제품
업소용 냉장고,전자제품
우성 냉장고,전자제품
냉장고 고장,전자제품
라셀르 냉장고,전자제품
대용량 냉장고,전자제품
4문형 냉장고,전자제품
냉장고 용기,전자제품
딤채,전자제품
스탠드형 냉장고,전자제품
뚜껑형 냉장고,전자제품
냉장고 수납,전자제품
선풍기,전자제품
선풍기 분해,전자제품
선풍기 회전,전자제품
선풍기 무회전,전자제품
선풍기 강풍,전자제품
선풍기 미풍,전자제품
선풍기 타이머,전자제품
선풍기 청소,전자제품
선풍기 보관,전자제품
선풍기 사용,전자제품
선풍기 안전수칙,전자제품
선풍기 날개,전자제품
선풍기 몸통,전자제품
날개 없는 선풍기,전자제품
미니 선풍기,전자제품
벽걸이 선풍기,전자제품
휴대용 선풍기,전자제품
샤오미 선풍기,전자제품
신일 선풍기,전자제품
조립식 선풍기,전자제품
프롬비 선풍기,전자제품
탁상용 선풍기,전자제품
에어서큘레이터,전자제품
사무실 선풍기,전자제품
대형 선풍기,전자제품
가정용 선풍기,전자제품
다이슨 선풍기,전자제품
선풍기 약풍,전자제품
선풍기 안전,전자제품
비싼 선풍기,전자제품
