내일 할 거니,미래질문
모레 할 거냐,미래질문
다음 주에 할 거니,미래질문
이제 할 거냐,미래질문
다음에 할 거니,미래질문
이제 한 번 할 거니,미래질문
다음 달에 몇 번 할 거니,미래질문
다음에 할 거냐,미래질문
이제 할 거냐,미래질문
이제 할 거니,미래질문
다음에는 할 거냐,미래질문
다음엔 할 거니,미래질문
이제 그럴거니,미래질문
이제 그럴 건가요,미래질문
이제 그럴 건지,미래질문
다음에는 그러긴 할 거니,미래질문
이제 그러긴 할 거냐,미래질문
다음 달에 그럴 거니,미래질문
다음에 그럴 거니,미래질문
다음에는 그럴 건데,미래질문
그럴거긴 할 거니,미래질문
그럴거냐,미래질문
그러긴 할 거냐 이제,미래질문
한 번 할 거니 이제,미래질문
몇 번 할 거니 다음 달에,미래질문
할 거냐 다음에,미래질문
할 거냐 이제,미래질문
할 거니 이제,미래질문
할 거냐 다음에는,미래질문
할 거니 다음엔,미래질문
그럴거냐 이제,미래질문
그래보기도 할 거니 다음 달에,미래질문
그럴거야 다음에,미래질문
그래보기도 할 거긴 할 거니,미래질문
그러긴 할 거야 이제,미래질문
한 번 할 거니 이제,미래질문
몇 번 할 거니 다음 달에,미래질문
해보기도 할 거니 그 때,미래질문
할 거야 이제,미래질문
할 거니 이제,미래질문
해보기도 할 거니 다음에는,미래질문
할 거니 다음엔,미래질문
내일 할 거죠,미래질문
모레 할 건가요,미래질문
다음 주에 할 거죠,미래질문
당연히 할 거냐요,미래질문
당근 할 거죠,미래질문
이제 한 번 할 거죠,미래질문
다음 달에 몇 번 할 거니요,미래질문
그 때 할 거죠,미래질문
이제 할 건가요,미래질문
이제 할 건가요,미래질문
다음에는 할 건가요,미래질문
다음엔 할 거죠,미래질문
이제 그럴거니요,미래질문
이제 그럴 건가요,미래질문
이제 그럴 건죠,미래질문
다음에는 그러긴 할 건가요,미래질문
이제 그러긴 할 건가요,미래질문
다음 달에 그럴 건죠,미래질문
다음에 그럴 건나요,미래질문
다음에는 그럴 건데요,미래질문
그럴거긴 할 거죠,미래질문
그럴거냐요,미래질문
그러긴 할 거냐 이제요,미래질문
한 번 할 거니 이제요,미래질문
몇 번 할 거니 다음 달에요,미래질문
할 거냐 그 때요,미래질문
할 거냐 이제요,미래질문
할 거니 이제요,미래질문
할 거냐 다음에는요,미래질문
할 거니 다음엔요,미래질문
그럴거니 이제요,미래질문
그래보기도 할 거니 다음 달에요,미래질문
그럴거야 다음에요,미래질문
그래보기도 할 거긴 할 거죠,미래질문
그러긴 할 거야 이제요,미래질문
한 번 할 거니 이제요,미래질문
몇 번 할 거니 다음 달에요,미래질문
해보기도 할 거니 그 때요,미래질문
할 거야 이제요,미래질문
할 거니 이제요,미래질문
해보기도 할 거니 다음에는요,미래질문
할 거니 다음엔요,미래질문
내일 할 건가요,미래질문
모레 할 건가요,미래질문
다음 주에 할 건가요,미래질문
당연히 할 건가요,미래질문
당근 할 건가요,미래질문
이제 한 번 할 건가요,미래질문
다음 달에 몇 번 할 건가요,미래질문
그 때 할 건가요,미래질문
이제 할 건가요,미래질문
이제 할 겁니까,미래질문
다음에는 할 겁니까,미래질문
다음엔 할 겁니까,미래질문
이제 그럴겁니까,미래질문
이제 그럴겁니까,미래질문
이제 그럴 건습니까,미래질문
다음에는 그러긴 할 겁니까,미래질문
이제 그러긴 할 겁니까,미래질문
다음 달에 그럴 건습니까,미래질문
다음에 그럴겁니까,미래질문
다음에는 그럴 건데 이렇습니까,미래질문
다음에는 그럴 건데 그렇습니까,미래질문
다음에 할 건데 저렇습니까,미래질문
다음에 그럴 건데 저렇네요,미래질문
그럴거긴 할 겁니까,미래질문
그럴겁니까,미래질문
그러긴 할 거냐 이제는 할 건가요,미래질문
한 번 할 거니 이제는 할 건가요,미래질문
몇 번 할 거니 다음 달에는 할 건가요,미래질문
할 거냐 그 땐,미래질문
할 거냐 이제는 할 건가요,미래질문
할 거니 이제는 할 건가요,미래질문
할 거냐 다음에는 그럴 건나요,미래질문
할 거니 다음엔 그럴 건습니까,미래질문
그럴거니 이제는 할 건가요,미래질문
그래보기도 할 거니 다음 달에는 할 건가요,미래질문
그럴거야 다음에 할 건가요,미래질문
그래보기도 할 거긴 할 겁니까,미래질문
그러긴 할 거야 이제 할 건가요,미래질문
한 번 할 거니 이제 할 건가요,미래질문
몇 번 할 거니 다음 달엔 할 건가요,미래질문
해보기도 할 거니 그 땐,미래질문
할 거야 전엔 할 건가요,미래질문
할 거니 옛날엔 할 건가요,미래질문
해보기도 할 거니 다음에는 그럴 건나요,미래질문
할 거니 다음엔 그럴 건습니까,미래질문