가나,언어국가
가봉,언어국가
괌,언어국가
과테말라,언어국가
그리스,언어국가
기니,언어국가
나이지리아,언어국가
남수단,언어국가
남아프리카 공화국,언어국가
네덜란드,언어국가
네팔,언어국가
노르웨이,언어국가
뉴질랜드,언어국가
니카라과,언어국가
대한민국,언어국가
한국,언어국가
우리나라,언어국가
우리 나라,언어국가
덴마크,언어국가
도미니카,언어국가
도미니카 공화국,언어국가
독일,언어국가
동티모르,언어국가
라오스,언어국가
라트비아,언어국가
러시아,언어국가
레바논,언어국가
레소토,언어국가
루마니아,언어국가
룩셈부르크,언어국가
르완다,언어국가
리비아,언어국가
리투아니아,언어국가
리히텐슈타인,언어국가
마다가스카르,언어국가
마셜 제도,언어국가
마카오,언어국가
마케도니아,언어국가
말라위,언어국가
말레이시아,언어국가
멕시코,언어국가
모나코,언어국가
모로코,언어국가
모리셔스,언어국가
몰도바,언어국가
몰디브,언어국가
몰타,언어국가
몽골,언어국가
미국,언어국가
미얀마,언어국가
바누아투,언어국가
바레인,언어국가
바티칸 시국,언어국가
바하마,언어국가
방글라데시,언어국가
베네수엘라,언어국가
베트남,언어국가
벨기에,언어국가
벨라루스,언어국가
벨리즈,언어국가
보스니아 헤르체고비나,언어국가
보츠와나,언어국가
볼리비아,언어국가
부룬디,언어국가
부탄,언어국가
북마리아나 제도,언어국가
북키프로스,언어국가
불가리아,언어국가
브라질,언어국가
브루나이,언어국가
사모아,언어국가
사우디아라비아,언어국가
사하라 아랍 민주 공화국,언어국가
산마리노,언어국가
세네갈,언어국가
세르비아,언어국가
소말리아,언어국가
솔로몬 제도,언어국가
수단,언어국가
수리남,언어국가
스리랑카,언어국가
스웨덴,언어국가
스위스,언어국가
스페인,언어국가
슬로바키아,언어국가
슬로베니아,언어국가
시리아,언어국가
싱가포르,언어국가
아랍에미리트,언어국가
아르메니아,언어국가
아르헨티나,언어국가
아이슬란드,언어국가
아일랜드,언어국가
아프가니스탄,언어국가
안도라,언어국가
알바니아,언어국가
알제리,언어국가
앙골라,언어국가
에스와티니,언어국가
에스토니아,언어국가
에콰도르,언어국가
에티오피아,언어국가
엘살바도르,언어국가
영국,언어국가
예멘,언어국가
오스트레일리아,언어국가
호주,언어국가
오스트리아,언어국가
온두라스,언어국가
요르단,언어국가
우간다,언어국가
우루과이,언어국가
우즈베키스탄,언어국가
우크라이나,언어국가
웨일즈,언어국가
이라크,언어국가
이스라엘,언어국가
이집트,언어국가
이탈리아,언어국가
인도,언어국가
인도네시아,언어국가
일본,언어국가
자메이카,언어국가
잠비아,언어국가
적도 기니,언어국가
조선민주주의인민공화국,언어국가
북한,언어국가
조지아,언어국가
중앙아프리카 공화국,언어국가
중화민국,언어국가
중화인민공화국,언어국가
체코,언어국가
칠레,언어국가
카메룬,언어국가
카자흐스탄,언어국가
카타르,언어국가
캄보디아,언어국가
캐나다,언어국가
케냐,언어국가
코모,언어국가
코소보,언어국가
코스타리카,언어국가
코트디부아르,언어국가
콜롬비아,언어국가
콩고 공화국,언어국가
콩고 민주 공화국,언어국가
쿠바,언어국가
쿠웨이트,언어국가
크로아티아,언어국가
키르기스스탄,언어국가
키프로스,언어국가
타지키스탄,언어국가
탄자니아,언어국가
태국,언어국가
터키,언어국가
토고,언어국가
통가,언어국가
투르크메니스탄,언어국가
투발루,언어국가
튀니지,언어국가
트리니다드 토바고,언어국가
파나마,언어국가
파라과이,언어국가
파키스탄,언어국가
파푸아뉴기니,언어국가
팔레스타인,언어국가
페루,언어국가
포르투갈,언어국가
폴란드,언어국가
프랑스,언어국가
핀란드,언어국가
필리핀,언어국가
헝가리,언어국가
홍콩,언어국가
국가,언어국가
이런 나라,언어국가
저런 나라,언어국가
이런 국가,언어국가
저런 국가,언어국가
이 나라,언어국가
저 나라,언어국가
유럽,언어국가
유,언어국가
유럽 유,언어국가
일본 엔,언어국가
엔 화,언어국가
방금 그 말 일본어,언어국가
방 금 그 말 영어,언어국가
중국,언어국가
대만,언어국가
사우디,언어국가
아랍에비리트,언어국가
남아프리카,언어국가
러시아도,언어국가
스페인어,언어국가
스페인어로도,언어국가
스페인어 뭐라고 하는데,언어국가
그리스어,언어국가
영어 뭐라고해,언어국가
영어,언어국가
영어로도,언어국가
일본어,언어국가
일본어로도,언어국가
독일어,언어국가
독일어 뭐라고해,언어국가
중국어,언어국가
중국 말,언어국가
일본 말,언어국가
우리 말,언어국가
한국어,언어국가
우리 말,언어국가
중국어로도,언어국가
우리 말로도,언어국가
한국어로도,언어국가
에스파냐 말,언어국가
에스파냐어,언어국가
라틴어,언어국가
라틴어로도,언어국가
그리스어로도,언어국가
영어 뭐라고 하는데,언어국가
유럽 유,언어국가
일본 엔,언어국가
엔 화,언어국가
방금 그 말 일본어,언어국가
방 금 그 말 영어,언어국가
중국,언어국가
대만,언어국가
사우디,언어국가
아랍에비리트,언어국가
남아프리카,언어국가
러시아도,언어국가
스페인어,언어국가
스페인어로도,언어국가
스페인어 뭐라고 하는데,언어국가
그리스어,언어국가
영어 뭐라고해,언어국가
영어,언어국가
영어로도,언어국가
일본어,언어국가
일본어로도,언어국가
독일어,언어국가
독일어 뭐라고해,언어국가
중국어,언어국가
중국 말,언어국가
일본 말,언어국가
우리 말,언어국가
한국어,언어국가
우리 말,언어국가
중국어로도,언어국가
우리 말로도,언어국가
한국어로도,언어국가
에스파냐 말,언어국가
에스파냐어,언어국가
라틴어,언어국가
라틴어로도,언어국가
그리스어로도,언어국가
영어 뭐라고 하는데,언어국가
