연인 관계,연인
연인,연인
너 근데 연인,연인
연인 관계,연인
그럼 연인,연인
연인,연인
연인,연인
내 연인,연인
네 연인,연인
연인 정말,연인
너 혹시 연인,연인
너희 연인,연인
너도 연인이랑,연인
너 혹시 연인,연인
그 연인,연인
너희 연인 관계,연인
너네 연인,연인
우리 연인,연인
그런 연인이랑,연인
너무 연인,연인
연인들 정말,연인
연인 진짜,연인
주변 연인,연인
아까 연인,연인
그러한 연인,연인
너네 연인이랑도,연인
너희 연인들,연인
애인 관계,연인
그럼 애인,연인
애인,연인
애인,연인
내 애인,연인
네 애인,연인
애인 정말,연인
너 혹시 애인,연인
너 역시 애인관계,연인
애인,연인
너희 애인,연인
너도 애인이랑,연인
너네 애인,연인
우리 애인,연인
이런 애인,연인
애인 때문에,연인
아 애인 진짜,연인
너무 애인,연인
애인들 정말,연인
애인 진짜,연인
주변 애인,연인
아까 애인,연인
그러한 애인,연인
너네 애인이랑도,연인
너희 애인들,연인
남자친구 관계,연인
남자친구 관계,연인
그럼 남자친구,연인
그러면 남자친구들이랑,연인
남자친구,연인
남자친구,연인
내 남자친구,연인
네 남자친구,연인
남자친구 정말,연인
너 혹시 남자친구,연인
너 역시 남자친구관계,연인
남자친구,연인
너 혹시 남자친구,연인
그 남자친구,연인
너희 남자친구 관계,연인
너네 남자친구,연인
우리 남자친구,연인
그런 남자친구이랑,연인
이런 남자친구,연인
그런 남자친구도,연인
남자친구 때문에,연인
아 남자친구 진짜,연인
주변 남자친구,연인
아까 남자친구,연인
그러한 남자친구,연인
남자친구 관계,연인
남자친구,연인
너 근데 남자 친구,연인
남자 친구 관계,연인
그럼 남자 친구,연인
남자 친구,연인
내 남자 친구,연인
네 남자 친구,연인
남자 친구 정말,연인
너 혹시 남자 친구,연인
너 역시 남자 친구관계,연인
남자 친구,연인
그 남자 친구,연인
너희 남자 친구 관계,연인
그런 남자 친구이랑,연인
이런 남자 친구,연인
아 남자 친구 진짜,연인
너무 남자 친구,연인
남자 친구들 정말,연인
남자 친구 진짜,연인
주변 남자 친구,연인
아까 남자 친구,연인
그러한 남자 친구,연인
너네 남자 친구이랑도,연인
여자친구,연인
너 근데 여자친구,연인
여자친구 관계,연인
그럼 여자친구,연인
그러면 여자친구들이랑,연인
여자친구,연인
여자친구,연인
여자친구 정말,연인
너 혹시 여자친구,연인
너 역시 여자친구관계,연인
여자친구,연인
너희 여자친구,연인
너희 여자친구 관계,연인
이런 여자친구,연인
그런 여자친구도,연인
여자친구 때문에,연인
아 여자친구 진짜,연인
너무 여자친구,연인
여자친구들 정말,연인
여자친구 진짜,연인
주변 여자친구,연인
아까 여자친구,연인
그러한 여자친구,연인
여자친구,연인
그러면 여자 친구들이랑,연인
여자 친구,연인
여자 친구,연인
내 여자 친구,연인
네 여자 친구,연인
여자 친구 정말,연인
너희 여자 친구,연인
너도 여자 친구이랑,연인
너 혹시 여자 친구,연인
그 여자 친구,연인
너희 여자 친구 관계,연인
너네 여자 친구,연인
우리 여자 친구,연인
그런 여자 친구이랑,연인
이런 여자 친구,연인
여자 친구들 정말,연인
여자 친구 진짜,연인
주변 여자 친구,연인
아까 여자 친구,연인
그러한 여자 친구,연인
너네 여자 친구이랑도,연인
너희 여자 친구들,연인