형제 관계,형제
형제,형제
너 근데 형제,형제
형제 관계,형제
그럼 형제,형제
그러면 형제들이랑,형제
형제,형제
형제,형제
내 형제,형제
네 형제,형제
형제 정말,형제
너 혹시 형제,형제
너 역시 형제관계,형제
형제,형제
너희 형제,형제
너도 형제이랑,형제
너 혹시 형제,형제
그 형제,형제
너희 형제 관계,형제
너네 형제,형제
우리 형제,형제
그런 형제이랑,형제
이런 형제,형제
그런 형제도,형제
형제 때문에,형제
아 형제 진짜,형제
너무 형제,형제
형제들 정말,형제
형제 진짜,형제
주변 형제,형제
아까 형제,형제
그러한 형제,형제
너네 형제랑도,형제
너희 형제들,형제
남매 관계,형제
남매,형제
너 근데 남매,형제
남매 관계,형제
그럼 남매,형제
그러면 남매들이랑,형제
남매,형제
내 남매,형제
네 남매,형제
남매 정말,형제
너 혹시 남매,형제
너 역시 남매관계,형제
남매,형제
너희 남매,형제
너도 남매이랑,형제
너 혹시 남매,형제
그 남매,형제
너희 남매 관계,형제
너네 남매,형제
우리 남매,형제
그런 남매랑,형제
이런 남매,형제
그런 남매도,형제
남매,형제
아 남매 진짜,형제
너무 남매,형제
남매들 정말,형제
남매 진짜,형제
주변 남매,형제
아까 남매,형제
그러한 남매,형제
너네 남매랑도,형제
너희 남매들,형제
자매 관계,형제
자매,형제
너 근데 자매,형제
자매 관계,형제
그럼 자매,형제
그러면 자매들이랑,형제
자매,형제
내 자매,형제
네 자매,형제
자매 정말,형제
너 혹시 자매,형제
너 역시 자매관계,형제
자매,형제
너희 자매,형제
너도 자매이랑,형제
너 혹시 자매,형제
그 자매,형제
너희 자매 관계,형제
너네 자매,형제
우리 자매,형제
그런 자매랑,형제
이런 자매,형제
그런 자매도,형제
자매,형제
아 자매 진짜,형제
너무 자매,형제
자매들 정말,형제
자매 진짜,형제
주변 자매,형제
아까 자매,형제
그러한 자매,형제
너네 자매랑도,형제
너희 자매들,형제