환경미화원,직업
저 환경미화원,직업
환경미화원 직업,직업
멋진 환경미화원,직업
환경미화원 멋진,직업
미래 환경미화원 될,직업
경호원 할까,직업
우리 직업 경호원,직업
저런 경호원,직업
이런 경호원,직업
경호원 될,직업
경호원,직업
커서 약사,직업
나중에 약사,직업
장래희망 엔지니어,직업
내 장래희망 약사,직업
약사 나중에,직업
기술자 싶어,직업
기술자 하고싶어,직업
너무 기술자,직업
저런 기술자,직업
커서 꼭 기술자,직업
난 커서 기술자,직업
개그맨,직업
저 개그맨,직업
개그맨 직업,직업
멋진 개그맨,직업
개그맨 멋진,직업
미래 개그맨 될,직업
개그맨 할까,직업
우리 직업 건축가,직업
저런 프로그래머,직업
이런 건축가,직업
건축가 될,직업
건축가,직업
커서 건축가,직업
나중에 건축가,직업
장래희망 건축가,직업
내 장래희망 직원,직업
직원 나중에,직업
직원 싶어,직업
직원 하고싶어,직업
너무 직원,직업
저런 직원,직업
커서 꼭 직원,직업
난 커서 직원,직업
사무직,직업
저 사무직,직업
엔지니어 직업,직업
멋진 사무직,직업
사무직 멋진,직업
미래 사무직 될,직업
사무직 할까,직업
우리 직업 사무직,직업
저런 사무직,직업
이런 프로그래머,직업
마술사 될,직업
마술사,직업
커서 마술사,직업
나중에 마술사,직업
장래희망 엔지니어,직업
내 장래희망 마술사,직업
마술사 나중에,직업
조련사 싶어,직업
조련사 하고싶어,직업
너무 조련사,직업
저런 조련사,직업
커서 꼭 조련사,직업
난 커서 조련사,직업
심판,직업
저 심판,직업
심판 직업,직업
멋진 심판,직업
심판 멋진,직업
미래 심판 될,직업
심판 할까,직업
우리 직업 심판,직업
저런 조각가,직업
이런 프로그래머,직업
조각가 될,직업
조각가,직업
커서 조각가,직업
나중에 조각가,직업
장래희망 엔지니어,직업
내 장래희망 딜러,직업
딜러 나중에,직업
딜러 싶어,직업
딜러 하고싶어,직업
너무 딜러,직업
저런 운전기사,직업
커서 꼭 운전기사,직업
난 커서 운전기사,직업
저런 운전기사,직업
커서 꼭 운전수,직업
난 커서 운전기사,직업
저런 운전수,직업
커서 꼭 운전수,직업
난 커서 운전수,직업
물리치료사,직업
저 물리치료사,직업
물리치료사 직업,직업
멋진 물리치료사,직업
물리치료사 멋진,직업
미래 물리치료사 될,직업
연구원 할까,직업
우리 직업 연구원,직업
저런 연구원,직업
이런 연구원,직업
세무사 될,직업
세무사,직업
커서 세무사,직업
나중에 세무사,직업
장래희망 세무사,직업
내 장래희망 회계사,직업
프로그래머 나중에,직업
회계사 싶어,직업
회계사 하고싶어,직업
너무 회계사,직업
저런 모델,직업
커서 꼭 모델,직업
난 커서 모델,직업
저런 모델,직업
멋진 꼭 모델,직업
난 커서 모델,직업
디자이너,직업
저 디자이너,직업
디자이너 직업,직업
멋진 디자이너,직업
디자이너 멋진,직업
미래 패션모델 될,직업
패션모델 할까,직업
우리 직업 패션모델,직업
아빠 패션 모델,직업
엄마 패션 모델,직업
저런 엔지니어,직업
이런 패션 디자이너,직업
패션 디자이너 될,직업
패션 디자이너,직업
커서 프로그래머,직업
나중에 헤어디자이너,직업
장래희망 프로그래머,직업
내 장래희망 헤어 디자이너,직업
헤어 디자이너 나중에,직업
프로게이머 싶어,직업
프로게이머 하고싶어,직업
너무 프로게이머,직업
저런 프로게이머,직업
커서 꼭 프로게이머,직업
난 커서 프로게이머,직업
커서 엔지니어,직업
