먹다,먹음
진심 먹었다,먹음
먹고 있어,먹음
먹어,먹음
먹을거다 나도 어,먹음
진짜 먹어,먹음
나 지금 먹다,먹음
나 먹어,먹음
나 먹을거야 나도 다,먹음
나 진짜 먹어,먹음
아까 진심 먹었었지,먹음
나무 먹다,먹음
나 지금 먹어,먹음
나 진심 개 먹었다,먹음
아 엄청 먹어,먹음
완전 먹을거다 나도 지금,먹음
지금 나 완전 먹어,먹음
나 엄청 먹었거든 지금,먹음
지금 나 엄청 먹어,먹음
나 엄청 먹었다,먹음
지금 나 먹었어,먹음
많이 먹었어,먹음
나 많이 먹었다,먹음
먹었다,먹음
나 정말 먹어,먹음
나 지금 먹어,먹음
나 진심 개 먹었다,먹음
아 엄청 먹다,먹음
완전 먹을거야 나도 지금,먹음
지금 나 완전 먹어,먹음
나 엄청 먹었거든 지금,먹음
지금 나 엄청 먹다,먹음
나 엄청 먹었어,먹음
지금 나 먹었어,먹음
많이 먹었다,먹음
나 많이 먹었어,먹음
먹었다,먹음
먹었죠,먹음
진심 먹었다,먹음
먹시어요,먹음
먹었어요,먹음
먹어,먹음
진짜 먹었죠,먹음
나 지금 먹었어요,먹음
나 먹다,먹음
나 진짜 먹었죠,먹음
걔 먹었어요,먹음
아까 진심 먹었었지,먹음
나무 먹었어요,먹음
나 지금 먹어,먹음
나 진심 개 먹었다,먹음
아 엄청 먹었죠,먹음
완전 먹을거야 나도 지금,먹음
지금 나 완전 먹었어요,먹음
나 엄청 먹었거든 지금,먹음
지금 나 엄청 먹었어요,먹음
나 엄청 먹었죠,먹음
지금 나 먹었어요,먹음
많이 먹었어요,먹음
나 많이 먹었죠,먹음
먹었다,먹음
나 정말 먹었어요,먹음
나 지금 먹었어요,먹음
나 진심 개 먹었다,먹음
아 엄청 먹었죠,먹음
완전 먹을거다 나도 지금,먹음
지금 나 완전 먹었어요,먹음
지금 나 엄청 먹었어요,먹음
나 엄청 먹었죠,먹음
지금 나 먹었죠,먹음
많이 먹었어요,먹음
나 많이 먹었어요,먹음
먹었다,먹음
나 먹었다,먹음
혹시 먹었다,먹음
나 혹시 그 거 먹었다,먹음
먹을 거다,먹음
진심 먹었을 거다,먹음
먹고 있을 거야,먹음
먹을 거야,먹음
먹을 거다 나도 을 거야,먹음
진짜 먹을 거야,먹음
나 지금 먹을 거다,먹음
나 먹을 거야,먹음
나 먹을거야 나도 을 거다,먹음
나 진짜 먹을 거야,먹음
아까 진심 먹었었지,먹음
나무 먹을 거다,먹음
나 지금 먹을 거야,먹음
나 진심 개 먹었을 거다,먹음
아 엄청 먹을 거야,먹음
완전 먹을 거다 나도 지금,먹음
지금 나 완전 먹을 거야,먹음
나 엄청 먹었거든 지금,먹음
지금 나 엄청 먹을 거야,먹음
나 엄청 먹었을 거다,먹음
지금 나 먹었을 거야,먹음
많이 먹었을 거야,먹음
나 많이 먹었을 거다,먹음
먹었을 거다,먹음
나 정말 먹을 거야,먹음
나 지금 먹을 거야,먹음
나 진심 개 먹었을 거다,먹음
아 엄청 먹을 거다,먹음
완전 먹을거야 나도 지금,먹음
지금 나 완전 먹을 거야,먹음
나 엄청 먹었거든 지금,먹음
지금 나 엄청 먹을 거다,먹음
나 엄청 먹었을 거야,먹음
지금 나 먹었을 거야,먹음
많이 먹었을 거다,먹음
나 많이 먹었을 거야,먹음
먹었을 거다,먹음
먹었습니다,먹음
진심 먹었을 거다,먹음
먹시을 거에요,먹음
먹었을 거에요,먹음
먹을 거야,먹음
진짜 먹었습니다,먹음
나 지금 먹었을 거에요,먹음
나 먹을 거다,먹음
나 진짜 먹었습니다,먹음
걔 먹었을 거에요,먹음
아까 진심 먹었었지,먹음
나무 먹었을 거에요,먹음
나 지금 먹을 거야,먹음
나 진심 개 먹었을 거다,먹음
아 엄청 먹었습니다,먹음
완전 먹을거야 나도 지금,먹음
지금 나 완전 먹었을 거에요,먹음
나 엄청 먹었거든 지금,먹음
지금 나 엄청 먹었을 거에요,먹음
나 엄청 먹었습니다,먹음
지금 나 먹었을 거에요,먹음
많이 먹었을 거에요,먹음
나 많이 먹었습니다,먹음
먹었을 거다,먹음
나 정말 먹었을 거에요,먹음
나 지금 먹었을 거에요,먹음
나 진심 개 먹었을 거다,먹음
아 엄청 먹었습니다,먹음
완전 먹을 거다 나도 지금,먹음
지금 나 완전 먹었을 거에요,먹음
지금 나 엄청 먹었을 거에요,먹음
나 엄청 먹었습니다,먹음
지금 나 먹었습니다,먹음
많이 먹었을 거에요,먹음
나 많이 먹었을 거에요,먹음
먹었을 거다,먹음
나 먹었을 거다,먹음
혹시 먹었을 거다,먹음
나 혹시 그 거 먹었을 거다,먹음

