배고프다,배고픔
진심 배고팠다,배고픔
배고프고 있어,배고픔
배고파,배고픔
배고플 거다 나도 어,배고픔
진짜 배고파,배고픔
나 지금 배고프다,배고픔
나 배고파,배고픔
배고프네,배고픔
배고프다,배고픔
배고프군,배고픔
너무 배고프네,배고픔
정말 배고프네,배고픔
정말 배고프군,배고픔
나 지금 너무 배고프네,배고픔
나 정말 배고프군,배고픔
지금 정말 배고프군,배고픔
배 고프군,배고픔
나 배고플 거야 나도 다,배고픔
나 진짜 배고파,배고픔
아까 진심 배고팠었지,배고픔
나무 배고프다,배고픔
나 지금 배고파,배고픔
나 진심 개 배고팠다,배고픔
아 엄청 배고파,배고픔
완전 배고플 거다 나도 지금,배고픔
지금 나 완전 배고파,배고픔
나 엄청 배고팠거든 지금,배고픔
지금 나 엄청 배고파,배고픔
나 엄청 배고팠다,배고픔
지금 나 배고팠어,배고픔
많이 배고팠어,배고픔
나 많이 배고팠다,배고픔
배고팠다,배고픔
나 정말 배고파,배고픔
나 지금 배고파,배고픔
나 진심 개 배고팠다,배고픔
아 엄청 배고프다,배고픔
완전 배고플 거야 나도 지금,배고픔
지금 나 완전 배고파,배고픔
나 엄청 배고팠거든 지금,배고픔
지금 나 엄청 배고프다,배고픔
나 엄청 배고팠어,배고픔
지금 나 배고팠어,배고픔
많이 배고팠다,배고픔
나 많이 배고팠어,배고픔
배고팠다,배고픔
배고팠죠,배고픔
진심 배고팠다,배고픔
배고팠어요,배고픔
배고파,배고픔
진짜 배고팠죠,배고픔
나 지금 배고팠어요,배고픔
나 배고프다,배고픔
나 진짜 배고팠죠,배고픔
걔 배고팠어요,배고픔
아까 진심 배고팠었지,배고픔
나무 배고팠어요,배고픔
나 지금 배고파,배고픔
나 진심 개 배고팠다,배고픔
아 엄청 배고팠죠,배고픔
완전 배고플 거야 나도 지금,배고픔
지금 나 완전 배고팠어요,배고픔
나 엄청 배고팠거든 지금,배고픔
지금 나 엄청 배고팠어요,배고픔
나 엄청 배고팠죠,배고픔
지금 나 배고팠어요,배고픔
많이 배고팠어요,배고픔
나 많이 배고팠죠,배고픔
배고팠다,배고픔
나 정말 배고팠어요,배고픔
나 지금 배고팠어요,배고픔
나 진심 개 배고팠다,배고픔
아 엄청 배고팠죠,배고픔
완전 배고플거다 나도 지금,배고픔
지금 나 완전 배고팠어요,배고픔
지금 나 엄청 배고팠어요,배고픔
나 엄청 배고팠죠,배고픔
지금 나 배고팠죠,배고픔
많이 배고팠어요,배고픔
나 많이 배고팠어요,배고픔
배고팠다,배고픔
나 배고팠다,배고픔
혹시 배고팠다,배고픔
나 혹시 그 거 배고팠다,배고픔
배고플 거다,배고픔
진심 배고팠을 거다,배고픔
배고프고 있을 거야,배고픔
배고플 거야,배고픔
배고플 거다 나도 을 거야,배고픔
진짜 배고플 거야,배고픔
나 지금 배고플 거다,배고픔
나 배고플 거야,배고픔
나 배고플거야 나도 을 거다,배고픔
나 진짜 배고플 거야,배고픔
아까 진심 배고팠었지,배고픔
나무 배고플 거다,배고픔
나 지금 배고플 거야,배고픔
나 진심 개 배고팠을 거다,배고픔
아 엄청 배고플 거야,배고픔
완전 배고플 거다 나도 지금,배고픔
지금 나 완전 배고플 거야,배고픔
나 엄청 배고팠거든 지금,배고픔
지금 나 엄청 배고플 거야,배고픔
나 엄청 배고팠을 거다,배고픔
꼬르륵 배고파,배고픔
꼬르륵 배고프네,배고픔
지금 꼬르륵 배고파,배고픔
나 지금 정말 배고프네요,배고픔
정말 배고프군요,배고픔
나는 지금 너무 배고프군요,배고픔
정말 배고픔요,배고픔
지금 나 배고팠을 거야,배고픔
많이 배고팠을 거야,배고픔
나 많이 배고팠을 거다,배고픔
배고팠을 거다,배고픔
나 정말 배고플 거야,배고픔
나 지금 배고플 거야,배고픔
나 진심 개 배고팠을 거다,배고픔
아 엄청 배고플 거다,배고픔
완전 배고플거야 나도 지금,배고픔
지금 나 완전 배고플 거야,배고픔
나 엄청 배고팠거든 지금,배고픔
지금 나 엄청 배고플 거다,배고픔
나 엄청 배고팠을 거야,배고픔
지금 나 배고팠을 거야,배고픔
많이 배고팠을 거다,배고픔
나 많이 배고팠을 거야,배고픔
배고팠을 거다,배고픔
배고팠습니다,배고픔
진심 배고팠을 거다,배고픔
배고팠을 거에요,배고픔
배고플 거야,배고픔
진짜 배고팠습니다,배고픔
나 지금 배고팠을 거에요,배고픔
나 배고플 거다,배고픔
나 진짜 배고팠습니다,배고픔
걔 배고팠을 거에요,배고픔
아까 진심 배고팠었지,배고픔
나무 배고팠을 거에요,배고픔
나 지금 배고플 거야,배고픔
나 진심 개 배고팠을 거다,배고픔
아 엄청 배고팠습니다,배고픔
완전 배고플거야 나도 지금,배고픔
지금 나 완전 배고팠을 거에요,배고픔
나 엄청 배고팠거든 지금,배고픔
지금 나 엄청 배고팠을 거에요,배고픔
나 엄청 배고팠습니다,배고픔
지금 나 배고팠을 거에요,배고픔
많이 배고팠을 거에요,배고픔
나 많이 배고팠습니다,배고픔
배고팠을 거다,배고픔
나 정말 배고팠을 거에요,배고픔
나 지금 배고팠을 거에요,배고픔
나 진심 개 배고팠을 거다,배고픔
아 엄청 배고팠습니다,배고픔
완전 배고플 거다 나도 지금,배고픔
지금 나 완전 배고팠을 거에요,배고픔
지금 나 엄청 배고팠을 거에요,배고픔
나 엄청 배고팠습니다,배고픔
지금 나 배고팠습니다,배고픔
많이 배고팠을 거에요,배고픔
나 많이 배고팠을 거에요,배고픔
배고팠을 거다,배고픔
나 배고팠을 거다,배고픔
혹시 배고팠을 거다,배고픔
나 혹시 그 거 배고팠을 거다,배고픔

