경기장가,경기장
경기장,경기장
그런 경기장,경기장
나 경기장,경기장
너도 경기장,경기장
이따가 경기장,경기장
이따 경기장,경기장
경기장 하는데,경기장
나도 경기장,경기장
너 드디어 경기장,경기장
나 잠깐 경기장,경기장
모레 경기장,경기장
이따가 나 경기장,경기장
경기장 어디,경기장
어떻게 경기장,경기장
경기장만,경기장
어떻게 경기장만 매일,경기장
진짜 경기장,경기장
어떻게 해야 경기장,경기장
경기장 때문에,경기장
이런 경기장 도저히,경기장
도저히 경기장,경기장
정말 내가 경기장,경기장
다시 경기장,경기장
내일도 경기장,경기장
아 다시 경기장,경기장
아 나 이따 경기장,경기장
경기장 진짜 아,경기장
나 모레 경기장,경기장
너도 드디어 경기장,경기장
경기장,경기장
그런 경기장,경기장
나 경기장,경기장
축구 경기장,경기장
이따가 경기장,경기장
축구 경기장,경기장
경기장 하는데,경기장
나도 경기장,경기장
너 드디어 경기장,경기장
나 축구 경기장,경기장
모레 경기장,경기장
이따가 나 경기장,경기장
경기장 어디,경기장
어떻게 경기장,경기장
경기장만,경기장
축구 경기장만 매일,경기장
진짜 경기장,경기장
어떻게 해야 경기장,경기장
경기장 때문에,경기장
이런 축구 경기장 도저히,경기장
축구 경기장,경기장
정말 내가 경기장,경기장
다시 경기장,경기장
내일도 경기장,경기장
아 다시 경기장,경기장
아 나 축구 경기장,경기장
경기장 진짜 아,경기장
나 축구 경기장,경기장
너도 드디어 축구 경기장,경기장
야구 경기장,경기장
야구장 하는데,경기장
야구 경기장,경기장
너 야구 경기장,경기장
나 축구 경기장,경기장
모레 경기장,경기장
이따가 나 야구장,경기장
야구장 어디,경기장
야구 경기장,경기장
경기장만,경기장
야구 경기장만 매일,경기장
진짜 경기장,경기장
야구 해야 경기장,경기장
경기장 때문에,경기장
이런 축구 경기장 도저히,경기장
야구 경기장,경기장
정말 내가 야구장,경기장
다시 경기장,경기장
내일도 야구장,경기장
아 다시 야구장,경기장
아 나 야구 야구장,경기장
경기장 진짜 아,경기장
나 야구 경기장,경기장
너도 드디어 축구 야구장,경기장

진짜 당구장,경기장
야구 해야 당구장,경기장
당구장 때문에,경기장
이런 축구 경기장 도저히,경기장
야구 당구장,경기장
정말 내가 야구장,경기장
다시 당구장,경기장
내일도 야구장,경기장
아 다시 당구장,경기장
아 나 야구 야구장,경기장
경기장 진짜 아,경기장
나 야구 당구장,경기장
너도 드디어 당구장,경기장
