나도 짜증나,짜증
나 짜증나지,짜증
짜증나지 나,짜증
조금 짜증나,짜증
짜증나,짜증
정말 짜증나네,짜증
정말 짜증나네,짜증
진짜 짜증나네,짜증
난정말 짜증나,짜증
나도 진심 짜증나죠,짜증
나도 짜증나,짜증
나 진짜 짜증나지 나,짜증
나도 짜증나네,짜증
나도 짜증나구나,짜증
나 짜증나,짜증
조금 짜증나지 나,짜증
짜증난나,짜증
정말 짜증나지 나,짜증
정말 짜증나네 나,짜증
진짜 진심 짜증나지,짜증
정말 짜증나지,짜증
짜증나구나 나도,짜증
짜증나네 나도,짜증
진짜 짜증나지,짜증
짜증나네 나도,짜증
짜증나죠 나도,짜증
나 좀 짜증나지,짜증
난상당히 짜증나,짜증
상당히 짜증나구나 나,짜증
진짜 나도 짜증나네,짜증
정말 짜증나 나,짜증
정말 짜증나는군,짜증
짜증나네 나도 정말,짜증
짜증나 나도 진짜,짜증
짜증나네 나도 진짜,짜증
짜증나구나 나도 정말,짜증
좀 난 짜증나지,짜증
상당히 나 짜증나,짜증
아 나도 짜증나,짜증
아 나도 진심 짜증나네,짜증
아 나도 짜증나,짜증
짜증나지 아 나도,짜증
아 나도 짜증나네,짜증
아 짜증난다고,짜증
상당히 나 짜증나거든,짜증
아 나도 짜증나거든,짜증
아 나도 진심 짜증나거든,짜증
아 나도 짜증나거든,짜증
짜증나거든 아 나도,짜증
나도 짜증나거든,짜증
난 짜증나지,짜증
짜증나지 나,짜증
조금 짜증나거든,짜증
짜증나거든,짜증
정말 짜증나네요,짜증
정말 짜증나네요,짜증
진짜 짜증나네요,짜증
나 정말 짜증나거든,짜증
나도 진심 짜증나죠요,짜증
나도 짜증나거든,짜증
난진짜 짜증나지 나,짜증
나도 짜증나네요,짜증
나도 짜증나구나요,짜증
나 짜증나거든요,짜증
조금 짜증나지 나,짜증
짜증나 그런가요,짜증
정말 짜증나지 그런가요,짜증
정말 짜증나네 나요,짜증
진짜 진심 짜증난다고요,짜증
정말 짜증나지요,짜증
짜증나는군요,짜증
짜증나네 나도요,짜증
진짜 짜증나지요,짜증
짜증나네 나도요,짜증
짜증나죠 나도요,짜증
나 좀 짜증나지,짜증
나 상당히 짜증나거든요,짜증
상당히 짜증나난그런가요,짜증
진짜 나도 짜증나네요,짜증
정말 짜증나 당신,짜증
정말 짜증나구나 나도요,짜증
짜증나네 나도 정말요,짜증
짜증난다 진짜요,짜증
짜증나네 나도 진짜요,짜증
짜증나구나 나도 정말요,짜증
좀 나 짜증나지,짜증
상당히 난 짜증나거든요,짜증
아 나도 짜증나거든요,짜증
아 나도 진심 짜증나네요,짜증
아 나도 짜증나거든요,짜증
짜증나지 아 나도요,짜증
아 나도 짜증나네요,짜증
아 짜증난다고요,짜증
상당히 나 짜증나거든요,짜증
아 나도 짜증나거든요,짜증
아 나도 진심 짜증나거든요,짜증
아 나도 짜증나거든요,짜증
짜증나거든 아 나도요,짜증