행복할 때 그래,행복
행복하네,행복
저 진짜 행복해,행복
정말 행복하다,행복
행복하네,행복
행복하거든,행복
행복하죠,행복
행복하네,행복
진짜 행복해서,행복
나 행복하네,행복
내 너무 행복할 때 그래,행복
최고 행복해,행복
너무 행복하다,행복
최고 행복하네,행복
정말 너무 행복하거든,행복
진짜 최고 행복,행복
최고 행복,행복
상당히 행복하죠,행복
진심 행복해,행복
완전 행복하네,행복
완전 행복할 때 그래서,행복
짱 행복해,행복
완전 짱이야,행복
상당히 행복해,행복
정말 행복하네,행복
진심 행복하거든,행복
행복하거든,행복
너무 행복할 때 그래서 그랬어,행복
너무 행복하으니까,행복
행복하으니까,행복
행복하지 당연히,행복
당연히 행복하지,행복
정말 너무 행복하다,행복
행복해,행복
해피,행복
happy,행복
해피 해피,행복
너무 해피,행복
정말 해피 해피,행복
정말 최고 행복 해피한,행복
진심 너무 행복하다,행복
너무 행복한데,행복
이렇게 행복하다니,행복
이렇게나 행복할 줄,행복
정말 최고 행복한데,행복
진심 너무 행복하다,행복
진짜 행복해,행복
진심 행복해,행복
진짜 행복해,행복
정말 행복해,행복
저 정말 행복해,행복
나 진심 행복해,행복
상당히 행복하죠,행복
진심 행복하죠,행복
완전 행복하네요,행복
완전 행복해서요,행복
짱 행복하죠,행복
완전 짱이야요,행복
상당히 행복해요,행복
정말 행복하죠,행복
진심 행복하거든요,행복
행복하거든요,행복
너무 행복할 때 그래서 그랬어요,행복
너무 행복하으니까요,행복
행복하으니까요,행복
행복하지 당연히요,행복
당연히 행복하지요,행복
정말 너무 행복하죠,행복
행복해요,행복
해피하죠,행복
happy요,행복
해피 해피하죠,행복
너무 행복해 하네요,행복
행복하죠,행복
해피해피하죠,행복
너무 해피하죠,행복
정말 해피 해피하죠,행복
정말 최고 행복 해피한,행복
진심 너무 행복하다,행복
너무 행복한데,행복
이렇게 행복하다니요,행복
이렇게나 행복할 줄요,행복
정말 최고 행복한데,행복
진심 너무 행복하다,행복
진짜 행복했습니다,행복
진심 행복합니다,행복
진짜 행복했습니다,행복
정말 행복합니다,행복
저 정말 행복했습니다,행복
나 진심 행복했습니다,행복
행복해요,행복
해피하죠,행복
happy요,행복
해피 해피하죠,행복
너무 행복해 하네요,행복
진심 너무 행복하다,행복
진짜 행복했습니다,행복
진심 행복했습니다,행복
진짜 행복했습니다,행복
정말 행복했습니다,행복
정말 해피 해피하죠,행복
정말 최고 행복 해피한,행복
진심 너무 행복하다,행복
너무 행복한데,행복
이렇게 행복하다니요,행복
이렇게나 행복할 줄요,행복
정말 최고 행복한데,행복
진심 너무 행복하다,행복
진짜 행복했습니다,행복
진심 행복했습니다,행복
진짜 행복했습니다,행복
정말 행복했습니다,행복
저 정말 행복했습니다,행복
저 진심 행복합니다,행복
행복해요,행복
해피하죠,행복
happy요,행복
해피 해피하죠,행복
너무 행복해 하죠,행복
진심 너무 행복하다,행복
진짜 행복합니다,행복
진심 행복했습니다,행복
진짜 행복했습니다,행복
정말 행복합니다,행복