라면,면음식
라면 진짜,면음식
아 라면,면음식
라면 만큼,면음식
혹시 라면,면음식
너구리 오동통,면음식
처음 라면,면음식
그렇게 생긴 라면,면음식
너구리,면음식
라면 맛,면음식
라면 면발,면음식
라면 제일,면음식
내 라면,면음식
너 라면,면음식
라면 그런 맛인지,면음식
무슨 그런 라면,면음식
아까 라면,면음식
나 처음 라면,면음식
너 라면,면음식
무파마,면음식
그런 무파마,면음식
안성탕면,면음식
꼬꼬면,면음식
내 배 라면,면음식
꼬들꼬들 라면,면음식
너구리 라면,면음식
나는 그런 라면,면음식
라면 기름,면음식
진라면,면음식
신라면,면음식
나가사끼 짬뽕,면음식
해물라면,면음식
진라면 면발,면음식
비빔면,면음식
면발 만큼,면음식
삼양라면,면음식
우동,면음식
우동 진짜,면음식
아 우동,면음식
우동 만큼,면음식
와 우동,면음식
맛 좋은 우동,면음식
혹시 우동,면음식
우동 면발 두껍네,면음식
너 우동,면음식
우동 그런 맛인지,면음식
무슨 그런 우동,면음식
아까 우동,면음식
나 처음 우동,면음식
너 우동,면음식
두꺼운 우동,면음식
꼬들꼬들 우동,면음식
너구리 우동,면음식
나는 그런 우동,면음식
우동 기름,면음식
면발 만큼,면음식
자장면,면음식
짜장면 진짜,면음식
자장면 만큼,면음식
짬뽕,면음식
그 짬뽕 참,면음식
매운 짬뽕,면음식
매콤한 해물 짬뽕,면음식
맛 좋은 짜장면,면음식
혹시 자장면,면음식
달콤한 자장면,면음식
그렇게 생긴 짜장면,면음식
자장면 맛,면음식
자장면 면발,면음식
짜장면 제일,면음식
내 자장면,면음식
너 자장면,면음식
자장면 그런 맛인지,면음식
무슨 그런 자장면,면음식
아까 자장면,면음식
나 처음 자장면,면음식
너 자장면,면음식
짜장면,면음식
자장면 단무지,면음식
꼬들꼬들 자장면,면음식
나는 그런 자장면,면음식
간짜장,면음식
간자장,면음식
볶음 짜장면,면음식
복음 자장면,면음식
자장 소스,면음식
볶음 자장 소스,면음식
짜장면 단무지,면음식
짜장면 면발,면음식
수타 자장면,면음식
자장면 면발,면음식
짜짜로니,면음식
짜파게티,면음식
파스타,면음식
로제 파스타,면음식
크림 파스타,면음식
스파게티 ,면음식
잔치 국수,면음식
비빔 국수,면음식
물 냉면,면음식
시원한 냉면,면음식
쫄깃 쫄깃 냉면,면음식
꼬들 꼬들 국수,면음식
면발 꼬들,면음식
냉면,면음식
비빔 냉면,면음식
쫄면,면음식
쫄깃한 쫄면,면음식
매콤한 쫄면,면음식
칼 국수,면음식
크림 스파게티,면음식
까르보나라,면음식
치즈 파스타,면음식